"file","url","missing_count","missing_fields","title","meta_description","canonical","h1","og_title","og_description","og_image","og_url","twitter_card","twitter_title","twitter_description","twitter_image","jsonld","viewport","lang"
"blog\12012026dualsense15tricks.html","https://akkuelectronics.in/blog\12012026dualsense15tricks.html","0","","True","True","True","True","True","True","True","True","True","True","True","True","True","True","True"
"blog\13012026ps5prospecs.html","https://akkuelectronics.in/blog\13012026ps5prospecs.html","0","","True","True","True","True","True","True","True","True","True","True","True","True","True","True","True"
"blog\13012026xboxgamepassultimate.html","https://akkuelectronics.in/blog\13012026xboxgamepassultimate.html","0","","True","True","True","True","True","True","True","True","True","True","True","True","True","True","True"
"blog\14012026ps5-dsc-schematic.html","https://akkuelectronics.in/blog\14012026ps5-dsc-schematic.html","0","","True","True","True","True","True","True","True","True","True","True","True","True","True","True","True"
"blog\19022026gta6complete.html","https://akkuelectronics.in/blog\19022026gta6complete.html","0","","True","True","True","True","True","True","True","True","True","True","True","True","True","True","True"
"blog\20022026ps4-vue-userland-exploit.html","https://akkuelectronics.in/blog\20022026ps4-vue-userland-exploit.html","0","","True","True","True","True","True","True","True","True","True","True","True","True","True","True","True"
"blog\index.html","https://akkuelectronics.in/blog\index.html","0","","True","True","True","True","True","True","True","True","True","True","True","True","True","True","True"
"contact.html","https://akkuelectronics.in/contact.html","0","","True","True","True","True","True","True","True","True","True","True","True","True","True","True","True"
"gamepad-tester.html","https://akkuelectronics.in/gamepad-tester.html","0","","True","True","True","True","True","True","True","True","True","True","True","True","True","True","True"
"index.html","https://akkuelectronics.in/index.html","0","","True","True","True","True","True","True","True","True","True","True","True","True","True","True","True"
"invoice.html","https://akkuelectronics.in/invoice.html","0","","True","True","True","True","True","True","True","True","True","True","True","True","True","True","True"
"payment.html","https://akkuelectronics.in/payment.html","0","","True","True","True","True","True","True","True","True","True","True","True","True","True","True","True"
"playstation-3.html","https://akkuelectronics.in/playstation-3.html","0","","True","True","True","True","True","True","True","True","True","True","True","True","True","True","True"
"playstation-4.html","https://akkuelectronics.in/playstation-4.html","0","","True","True","True","True","True","True","True","True","True","True","True","True","True","True","True"
"playstation-5.html","https://akkuelectronics.in/playstation-5.html","0","","True","True","True","True","True","True","True","True","True","True","True","True","True","True","True"
"playstation.html","https://akkuelectronics.in/playstation.html","0","","True","True","True","True","True","True","True","True","True","True","True","True","True","True","True"
"privacy-policy.html","https://akkuelectronics.in/privacy-policy.html","0","","True","True","True","True","True","True","True","True","True","True","True","True","True","True","True"
"product-detail.html","https://akkuelectronics.in/product-detail.html","0","","True","True","True","True","True","True","True","True","True","True","True","True","True","True","True"
"services.html","https://akkuelectronics.in/services.html","0","","True","True","True","True","True","True","True","True","True","True","True","True","True","True","True"
"shop.html","https://akkuelectronics.in/shop.html","0","","True","True","True","True","True","True","True","True","True","True","True","True","True","True","True"
"xbox-360.html","https://akkuelectronics.in/xbox-360.html","0","","True","True","True","True","True","True","True","True","True","True","True","True","True","True","True"
"xbox-one.html","https://akkuelectronics.in/xbox-one.html","0","","True","True","True","True","True","True","True","True","True","True","True","True","True","True","True"
"xbox-series.html","https://akkuelectronics.in/xbox-series.html","0","","True","True","True","True","True","True","True","True","True","True","True","True","True","True","True"
"xbox.html","https://akkuelectronics.in/xbox.html","0","","True","True","True","True","True","True","True","True","True","True","True","True","True","True","True"
